#  New York (Central Park), New York 12-Month Period Average Temperature
# Units: Degrees Fahrenheit
Date,Value
189512,52.2
189601,52.1
189602,52.5
189603,52.2
189604,52.4
189605,52.7
189606,52.4
189607,52.8
189608,52.8
189609,52.4
189610,52.6
189611,52.7
189612,52.4
189701,52.4
189702,52.6
189703,53.3
189704,53.1
189705,52.6
189706,52.4
189707,52.4
189708,52.1
189709,52.1
189710,52.3
189711,52
189712,52.3
189801,52.7
189802,53
189803,53.4
189804,53.2
189805,53
189806,53.3
189807,53.3
189808,53.5
189809,53.9
189810,54.1
189811,54.1
189812,53.8
189901,53.5
189902,52.8
189903,52.1
189904,52.3
189905,52.6
189906,52.8
189907,52.8
189908,52.8
189909,52.4
189910,52.4
189911,52.4
189912,52.7
190001,52.8
190002,53
190003,52.6
190004,52.6
190005,52.4
190006,52.1
190007,52.2
190008,52.3
190009,52.7
190010,52.9
190011,53.1
190012,52.9
190101,53
190102,52.6
190103,53
190104,52.9
190105,52.7
190106,52.7
190107,52.8
190108,52.7
190109,52.4
190110,52
190111,51.2
190112,51.2
190201,51
190202,51.3
190203,51.8
190204,52
190205,52.1
190206,51.8
190207,51.3
190208,51.1
190209,50.9
190210,51.1
190211,52
190212,51.7
190301,51.7
190302,52.1
190303,52.4
190304,52.5
190305,52.9
190306,52.7
190307,52.8
190308,52.6
190309,52.6
190310,52.6
190311,51.9
190312,51.8
190401,51.4
190402,50.7
190403,49.7
190404,49.2
190405,49.2
190406,49.7
190407,49.6
190408,49.9
190409,49.8
190410,49.4
190411,49.4
190412,49.2
190501,49.5
190502,49.4
190503,49.7
190504,50
190505,49.7
190506,49.6
190507,49.8
190508,50
190509,50.2
190510,50.7
190511,50.8
190512,51.5
190601,52.3
190602,52.9
190603,52.5
190604,52.7
190605,52.9
190606,53.2
190607,53.2
190608,53.4
190609,53.5
190610,53.3
190611,53.5
190612,53.1
190701,52.8
190702,52.2
190703,52.8
190704,52.3
190705,51.8
190706,51.4
190707,51.3
190708,51
190709,51
190710,50.6
190711,50.6
190712,51
190801,50.8
190802,51.1
190803,51.1
190804,51.6
190805,52.2
190806,52.5
190807,52.6
190808,52.5
190809,52.5
190810,53.2
190811,53.2
190812,53
190901,53.1
190902,53.9
190903,53.5
190904,53.3
190905,53.1
190906,53.1
190907,52.8
190908,52.8
190909,52.6
190910,52.2
190911,52.6
190912,52.3
191001,52.1
191002,51.4
191003,51.9
191004,52.4
191005,52.5
191006,52.2
191007,52.5
191008,52.5
191009,52.7
191010,53.1
191011,52.5
191012,52.2
191101,52.6
191102,52.8
191103,52.2
191104,51.7
191105,52
191106,52.2
191107,52.3
191108,52.4
191109,52.3
191110,52.1
191111,52.1
191112,53
191201,52
191202,51.8
191203,52
191204,52.1
191205,51.9
191206,51.8
191207,51.7
191208,51.5
191209,51.4
191210,51.7
191211,52.2
191212,52.1
191301,53.6
191302,53.8
191303,54.4
191304,54.5
191305,54.4
191306,54.5
191307,54.5
191308,54.7
191309,54.5
191310,54.4
191311,54.4
191312,54.3
191401,53.6
191402,53.1
191403,52.4
191404,52
191405,52.3
191406,52.2
191407,51.9
191408,52
191409,52.1
191410,52.2
191411,52
191412,51.4
191501,51.6
191502,52.5
191503,52.5
191504,53
191505,52.6
191506,52.5
191507,52.7
191508,52.4
191509,52.7
191510,52.5
191511,52.7
191512,52.8
191601,53
191602,52.3
191603,51.9
191604,51.4
191605,51.6
191606,51.4
191607,51.6
191608,51.8
191609,51.6
191610,51.6
191611,51.6
191612,51.6
191701,51.4
191702,51.4
191703,52
191704,52
191705,51.4
191706,51.8
191707,51.8
191708,51.9
191709,51.6
191710,51.2
191711,50.9
191712,50.1
191801,49.2
191802,49.4
191803,49.6
191804,49.8
191805,50.7
191806,50.5
191807,50.4
191808,50.4
191809,50.5
191810,51
191811,51.4
191812,52.6
191901,53.7
191902,54.1
191903,54.2
191904,54.1
191905,53.9
191906,54.1
191907,54.2
191908,53.7
191909,54
191910,54.1
191911,54
191912,53.2
192001,52.2
192002,51.7
192003,51.5
192004,51.4
192005,51.1
192006,51
192007,51
192008,51.3
192009,51.4
192010,51.6
192011,51.6
192012,52.2
192101,53
192102,53.5
192103,54.2
192104,54.9
192105,55.1
192106,55.2
192107,55.5
192108,55.3
192109,55.6
192110,55.2
192111,55.2
192112,54.8
192201,54.4
192202,54.4
192203,53.7
192204,53.3
192205,53.6
192206,53.7
192207,53.4
192208,53.5
192209,53.1
192210,53.3
192211,53.4
192212,53.4
192301,53.6
192302,53
192303,52.6
192304,52.5
192305,52.1
192306,52.2
192307,52.2
192308,52.1
192309,52.1
192310,51.9
192311,51.8
192312,52.5
192401,52.7
192402,52.8
192403,53
192404,52.8
192405,52.6
192406,52.2
192407,52.2
192408,52.3
192409,52
192410,52.1
192411,52
192412,51.3
192501,51
192502,51.7
192503,52.1
192504,52.4
192505,52.6
192506,53.1
192507,53.1
192508,53
192509,53.4
192510,52.8
192511,52.8
192512,52.9
192601,53.2
192602,52.4
192603,51.7
192604,51.4
192605,51.4
192606,50.8
192607,50.9
192608,50.9
192609,50.7
192610,51.1
192611,51.1
192612,50.7
192701,50.6
192702,51.2
192703,51.8
192704,51.9
192705,51.8
192706,51.8
192707,51.7
192708,51.3
192709,51.5
192710,51.8
192711,52.2
192712,52.8
192801,53.1
192802,52.8
192803,52.5
192804,52.4
192805,52.5
192806,52.5
192807,52.6
192808,53.2
192809,52.9
192810,52.9
192811,52.7
192812,53
192901,52.8
192902,52.8
192903,53.3
192904,53.5
192905,53.7
192906,54.1
192907,54.1
192908,53.9
192909,54.3
192910,53.9
192911,53.8
192912,53.5
193001,53.6
193002,54
193003,53.6
193004,53.4
193005,53.5
193006,53.7
193007,53.8
193008,53.8
193009,54
193010,54.1
193011,54
193012,53.9
193101,53.9
193102,53.6
193103,53.6
193104,53.8
193105,53.6
193106,53.4
193107,53.5
193108,53.6
193109,53.7
193110,54.1
193111,54.7
193112,55.2
193201,56.1
193202,56.3
193203,56
193204,55.8
193205,55.9
193206,55.9
193207,55.8
193208,55.9
193209,55.6
193210,55.4
193211,54.7
193212,54.6
193301,54.3
193302,54.2
193303,54.3
193304,54.4
193305,54.6
193306,54.8
193307,54.8
193308,54.6
193309,54.7
193310,54.5
193311,54.3
193312,53.8
193401,53.4
193402,52.2
193403,52.1
193404,52.1
193405,52.1
193406,52.2
193407,52.3
193408,52.1
193409,52.1
193410,51.9
193411,52.5
193412,52.6
193501,52.1
193502,53
193503,53.5
193504,53.5
193505,53.2
193506,52.9
193507,52.8
193508,53
193509,52.7
193510,53
193511,52.9
193512,52.7
193601,52.7
193602,52.2
193603,52.4
193604,52.2
193605,52.6
193606,52.6
193607,52.5
193608,52.6
193609,52.8
193610,52.8
193611,52.3
193612,53
193701,53.9
193702,54.7
193703,54
193704,54.1
193705,54.1
193706,54.3
193707,54.3
193708,54.4
193709,54.2
193710,54
193711,54.3
193712,54.1
193801,53.4
193802,53.4
193803,54.1
193804,54.4
193805,54.1
193806,54
193807,54
193808,54.1
193809,54.1
193810,54.5
193811,54.7
193812,54.8
193901,54.8
193902,55
193903,54.5
193904,54.1
193905,54.4
193906,54.7
193907,54.7
193908,54.7
193909,54.9
193910,54.7
193911,54.3
193912,54.3
194001,53.7
194002,53.3
194003,53
194004,52.9
194005,52.5
194006,52.3
194007,52.3
194008,51.7
194009,51.5
194010,51.2
194011,51.4
194012,51.5
194101,51.9
194102,51.7
194103,51.8
194104,52.6
194105,53
194106,53.1
194107,53.1
194108,53.3
194109,53.6
194110,54.2
194111,54.5
194112,54.5
194201,54.6
194202,54.5
194203,55.1
194204,54.9
194205,54.9
194206,54.8
194207,54.9
194208,54.8
194209,54.7
194210,54.5
194211,54.3
194212,53.7
194301,53.7
194302,54.1
194303,53.9
194304,53.2
194305,53
194306,53.4
194307,53.5
194308,53.7
194309,53.6
194310,53.3
194311,53.2
194312,53.4
194401,53.6
194402,53.5
194403,53.3
194404,53.5
194405,53.9
194406,53.6
194407,53.8
194408,53.9
194409,54.2
194410,54.3
194411,54.3
194412,54.3
194501,53.5
194502,53.6
194503,54.7
194504,55.3
194505,54.6
194506,54.5
194507,54.1
194508,53.7
194509,53.8
194510,53.7
194511,53.8
194512,53.7
194601,54.5
194602,54.3
194603,54.2
194604,53.7
194605,54
194606,53.9
194607,53.9
194608,53.7
194609,53.7
194610,54.2
194611,54.4
194612,55
194701,55.2
194702,55
194703,54
194704,54
194705,53.9
194706,53.8
194707,53.8
194708,54.2
194709,54.1
194710,54.2
194711,53.7
194712,53.4
194801,52.4
194802,52.5
194803,52.9
194804,52.9
194805,52.9
194806,53
194807,53.2
194808,53.1
194809,53.2
194810,52.7
194811,53.4
194812,53.7
194901,54.8
194902,55.5
194903,55.5
194904,55.8
194905,56
194906,56.4
194907,56.6
194908,56.7
194909,56.4
194910,56.9
194911,56.4
194912,56.5
195001,56.8
195002,56.2
195003,55.6
195004,55.2
195005,54.8
195006,54.5
195007,54.1
195008,53.8
195009,53.7
195010,53.4
195011,53.6
195012,53.2
195101,52.8
195102,53.2
195103,53.7
195104,54
195105,54.4
195106,54.4
195107,54.5
195108,54.7
195109,55
195110,54.8
195111,54.4
195112,54.8
195201,54.7
195202,54.7
195203,54.6
195204,54.7
195205,54.5
195206,54.8
195207,55.1
195208,55.2
195209,55.3
195210,55.1
195211,55.5
195212,55.4
195301,55.6
195302,55.7
195303,56
195304,55.8
195305,56
195306,56
195307,55.8
195308,55.9
195309,55.9
195310,56.3
195311,56.4
195312,56.7
195401,56.1
195402,56.3
195403,56.2
195404,56.3
195405,56
195406,55.9
195407,55.8
195408,55.5
195409,55.3
195410,55.4
195411,55.2
195412,54.7
195501,54.7
195502,54.3
195503,54.3
195504,54.3
195505,54.8
195506,54.5
195507,54.9
195508,55.3
195509,55.4
195510,55.2
195511,55
195512,54.5
195601,54.6
195602,54.7
195603,54.4
195604,53.9
195605,53.4
195606,53.6
195607,52.9
195608,52.6
195609,52.4
195610,52.2
195611,52.4
195612,53.3
195701,53.1
195702,53.1
195703,53.5
195704,53.9
195705,54.3
195706,54.5
195707,54.9
195708,54.9
195709,55.3
195710,55.1
195711,55.3
195712,55.3
195801,55.6
195802,54.7
195803,54.6
195804,54.6
195805,54.2
195806,53.6
195807,53.5
195808,53.6
195809,53.5
195810,53.4
195811,53.3
195812,52.4
195901,52.3
195902,52.7
195903,52.7
195904,52.8
195905,53.4
195906,53.7
195907,53.7
195908,53.9
195909,54.3
195910,54.7
195911,54.5
195912,55.2
196001,55.5
196002,55.8
196003,55.3
196004,55.3
196005,55
196006,55
196007,54.9
196008,54.7
196009,54.3
196010,54.2
196011,54.5
196012,53.9
196101,53.3
196102,53.3
196103,53.9
196104,53.4
196105,53.2
196106,53.1
196107,53.3
196108,53.4
196109,53.8
196110,53.9
196111,53.8
196112,54.1
196201,54.5
196202,54.1
196203,54.1
196204,54.4
196205,54.8
196206,54.9
196207,54.6
196208,54.3
196209,53.6
196210,53.4
196211,53
196212,52.8
196301,52.6
196302,52.4
196303,52.6
196304,52.7
196305,52.5
196306,52.4
196307,52.7
196308,52.6
196309,52.5
196310,52.8
196311,53.4
196312,53.4
196401,53.9
196402,54.2
196403,54.2
196404,53.9
196405,54.2
196406,54.3
196407,54.2
196408,54.3
196409,54.6
196410,54
196411,54
196412,54.4
196501,53.9
196502,54
196503,53.7
196504,53.8
196505,53.9
196506,53.8
196507,53.7
196508,53.7
196509,53.7
196510,53.9
196511,53.6
196512,54
196601,54.1
196602,54.2
196603,54.4
196604,54.3
196605,53.9
196606,54.3
196607,54.7
196608,55
196609,54.9
196610,54.8
196611,55
196612,54.6
196701,55
196702,54.5
196703,54.1
196704,54.1
196705,53.6
196706,53.3
196707,53
196708,52.7
196709,52.8
196710,52.8
196711,52.3
196712,52.5
196801,51.6
196802,51.6
196803,52.1
196804,52.5
196805,52.9
196806,52.6
196807,52.8
196808,53
196809,53.3
196810,53.6
196811,53.9
196812,53.6
196901,54
196902,54.4
196903,54.1
196904,54.2
196905,54.6
196906,54.9
196907,54.7
196908,54.8
196909,54.7
196910,54.5
196911,54.4
196912,54.3
197001,53.8
197002,53.8
197003,
197004,
197005,
197006,
197007,
197008,
197009,
197010,
197011,
197012,
197101,
197102,
197103,54.3
197104,54.2
197105,53.9
197106,54.2
197107,54.3
197108,54.1
197109,54.2
197110,54.5
197111,54.2
197112,54.8
197201,55.4
197202,55.1
197203,55.1
197204,55.1
197205,55.2
197206,54.7
197207,54.6
197208,54.6
197209,54.4
197210,53.7
197211,53.6
197212,53.4
197301,53.5
197302,53.5
197303,54.1
197304,54.4
197305,54
197306,54.5
197307,54.5
197308,54.7
197309,54.7
197310,55.2
197311,55.6
197312,55.6
197401,55.6
197402,55.5
197403,55.2
197404,55.3
197405,55.4
197406,55.1
197407,55.1
197408,55
197409,54.7
197410,54.2
197411,54.2
197412,54.2
197501,54.4
197502,54.7
197503,54.6
197504,54
197505,54.4
197506,54.5
197507,54.4
197508,54.3
197509,54.1
197510,54.6
197511,54.9
197512,54.7
197601,53.8
197602,54.2
197603,54.6
197604,55.2
197605,54.8
197606,55
197607,54.9
197608,54.9
197609,55.1
197610,54.6
197611,53.7
197612,53.2
197701,52.8
197702,52.2
197703,52.4
197704,52.2
197705,52.6
197706,52.3
197707,52.5
197708,52.6
197709,52.7
197710,52.8
197711,53.4
197712,53.7
197801,54.3
197802,53.8
197803,53.1
197804,52.9
197805,52.6
197806,52.6
197807,52.4
197808,52.4
197809,52.2
197810,52.3
197811,52.3
197812,52.6
197901,52.9
197902,52.6
197903,53.1
197904,53.1
197905,53.4
197906,53.2
197907,53.4
197908,53.3
197909,53.5
197910,53.5
197911,53.7
197912,53.8
198001,53.9
198002,54.4
198003,54
198004,54.2
198005,54.3
198006,54.3
198007,54.5
198008,54.8
198009,55
198010,55
198011,54.4
198012,53.8
198101,53.2
198102,53.9
198103,54
198104,54.2
198105,54.1
198106,54.4
198107,54.3
198108,54
198109,53.7
198110,53.6
198111,53.8
198112,54.2
198201,54.2
198202,53.9
198203,53.9
198204,53.5
198205,53.4
198206,53
198207,53
198208,52.7
198209,52.8
198210,53.2
198211,53.4
198212,53.9
198301,54.6
198302,54.7
198303,54.9
198304,54.9
198305,54.6
198306,55
198307,55.1
198308,55.5
198309,55.8
198310,55.8
198311,55.6
198312,55
198401,54.6
198402,55
198403,54.4
198404,54.3
198405,54.5
198406,54.5
198407,54.1
198408,54.1
198409,53.6
198410,53.9
198411,53.8
198412,54.5
198501,54.4
198502,54
198503,54.8
198504,55.1
198505,55.4
198506,54.9
198507,55
198508,54.9
198509,55.3
198510,55.1
198511,55.3
198512,54.6
198601,55
198602,54.6
198603,54.6
198604,54.5
198605,54.5
198606,54.8
198607,54.8
198608,54.7
198609,54.5
198610,54.4
198611,54.1
198612,54.5
198701,54.4
198702,54.5
198703,54.6
198704,54.5
198705,54.3
198706,54.5
198707,54.6
198708,54.7
198709,54.7
198710,54.4
198711,54.5
198712,54.6
198801,54.4
198802,54.5
198803,54.4
198804,54.2
198805,54.1
198806,54
198807,54.1
198808,54.5
198809,54.5
198810,54.4
198811,54.5
198812,54.2
198901,54.9
198902,54.9
198903,54.8
198904,54.8
198905,54.8
198906,54.8
198907,54.5
198908,54
198909,54.1
198910,54.6
198911,54.2
198912,53.4
199001,53.7
199002,54.2
199003,54.4
199004,54.5
199005,54.4
199006,54.4
199007,54.5
199008,54.6
199009,54.6
199010,54.9
199011,55.3
199012,56.7
199101,56.1
199102,56.1
199103,56.1
199104,56.3
199105,57
199106,57.2
199107,57.2
199108,57.4
199109,57.4
199110,57.1
199111,56.9
199112,56.7
199201,56.7
199202,56.4
199203,56.1
199204,55.6
199205,55
199206,54.7
199207,54.4
199208,54
199209,54
199210,53.7
199211,53.5
199212,53.4
199301,53.4
199302,53
199303,52.9
199304,53.2
199305,53.6
199306,53.8
199307,54.3
199308,54.7
199309,54.7
199310,54.8
199311,55
199312,54.9
199401,54
199402,54
199403,54.1
199404,54.3
199405,54
199406,54.1
199407,54.1
199408,53.8
199409,53.8
199410,54
199411,54.3
199412,54.7
199501,55.7
199502,55.8
199503,56.1
199504,55.8
199505,55.8
199506,55.5
199507,55.5
199508,55.8
199509,55.8
199510,56.1
199511,55.5
199512,54.7
199601,54.2
199602,54.5
199603,54
199604,54.1
199605,54.1
199606,54.2
199607,53.8
199608,53.6
199609,53.7
199610,53.3
199611,53.3
199612,54
199701,54.1
199702,54.7
199703,54.9
199704,54.9
199705,54.7
199706,54.7
199707,54.9
199708,54.8
199709,54.7
199710,54.7
199711,54.8
199712,54.6
199801,55.2
199802,55.3
199803,55.6
199804,55.8
199805,56.2
199806,56
199807,56.1
199808,56.4
199809,56.7
199810,56.7
199811,57
199812,57.4
199901,56.9
199902,56.8
199903,56.5
199904,56.5
199905,56.4
199906,56.7
199907,57.1
199908,57
199909,56.9
199910,56.8
199911,57
199912,56.8
200001,56.6
200002,56.4
200003,56.8
200004,56.6
200005,56.6
200006,56.5
200007,55.7
200008,55.5
200009,55.2
200010,55.3
200011,54.8
200012,54.1
200101,54.3
200102,54.2
200103,53.6
200104,53.8
200105,53.8
200106,53.9
200107,54
200108,54.5
200109,54.7
200110,54.8
200111,55.4
200112,56.5
200201,57
200202,57.4
200203,57.8
200204,58
200205,57.7
200206,57.6
200207,58.1
200208,58
200209,58.2
200210,57.9
200211,57.4
200212,56.7
200301,55.7
200302,54.8
200303,54.7
200304,54.2
200305,54
200306,53.8
200307,53.5
200308,53.4
200309,53.2
200310,53.2
200311,53.6
200312,53.7
200401,53.5
200402,53.9
200403,53.9
200404,54.2
200405,54.8
200406,55
200407,54.9
200408,54.7
200409,54.8
200410,54.9
200411,54.7
200412,54.8
200501,55.3
200502,55.5
200503,55.1
200504,55.3
200505,54.7
200506,55
200507,55.2
200508,55.7
200509,56
200510,56.2
200511,56.3
200512,56
200601,56.8
200602,56.8
200603,57.1
200604,57.1
200605,57.5
200606,57.2
200607,57.2
200608,56.9
200609,56.4
200610,56.2
200611,56.4
200612,57.1
200701,56.8
200702,56.2
200703,56.1
200704,55.7
200705,55.9
200706,55.9
200707,55.6
200708,55.5
200709,55.8
200710,56.4
200711,55.9
200712,55.3
200801,55.2
200802,55.9
200803,55.9
200804,56.3
200805,55.9
200806,56.1
200807,56.4
200808,56.3
200809,56.2
200810,55.5
200811,55.6
200812,55.6
200901,54.9
200902,55
200903,55
200904,55
200905,55.2
200906,54.6
200907,54.1
200908,54.3
200909,54.1
200910,54.1
200911,54.5
200912,54.3
201001,54.7
201002,54.4
201003,54.9
201004,55.2
201005,55.4
201006,56
201007,56.7
201008,56.9
201009,57.3
201010,57.5
201011,57.3
201012,57
201101,56.8
201102,57
201103,56.5
201104,56.2
201105,56.1
201106,56
201107,55.9
201108,55.7
201109,55.6
201110,55.5
201111,55.8
201112,56.7
201201,57.4
201202,57.8
201203,58.5
201204,58.5
201205,58.6
201206,58.5
201207,58.3
201208,58.5
201209,58.4
201210,58.4
201211,57.8
201212,57.6
201301,57.4
201302,56.9
201303,56
201304,55.8
201305,55.6
201306,55.7
201307,55.8
201308,55.6
201309,55.5
201310,55.7
201311,55.8
201312,55.5
201401,55
201402,54.7
201403,54.5
201404,54.4
201405,54.5
201406,54.5
201407,54.1
201408,54.1
201409,54.3
201410,54.2
201411,54.2
201412,54.4
201501,54.5
201502,53.9
201503,53.9
201504,54.1
201505,54.4
201506,54.3
201507,54.6
201508,54.9
201509,55.3
201510,55.2
201511,55.8
201512,56.7
201601,57
201602,58.2
201603,59.1
201604,59
201605,58.5
201606,58.6
201607,58.6
201608,58.6
201609,58.4
201610,58.5
201611,58.2
201612,57.2
201701,57.5
201702,57.8
201703,57
201704,57.3
201705,57.2
201706,57.1
201707,57
201708,56.6
201709,56.5
201710,56.9
201711,56.6
201712,56.4
201801,55.8
201802,55.9
201803,56
201804,55.3
201805,55.8
201806,55.8
201807,55.8
201808,56.2
201809,56.2
201810,55.7
201811,55.5
201812,55.9
201901,56
201902,55.5
201903,55.6
201904,56.1
201905,55.7
201906,55.7
201907,55.9
201908,55.7
201909,55.6
201910,55.8
201911,55.8
201912,55.6
202001,56.2
202002,56.5
202003,57
202004,56.6
202005,56.4
202006,56.6
202007,56.6
202008,56.8
202009,56.6
202010,56.5
202011,57.2
202012,57.3
202101,56.9
202102,56.4
202103,56.3
202104,56.6
202105,56.8
202106,56.9
202107,56.5
202108,56.6
202109,56.7
202110,57.1
202111,56.5
202112,56.9
202201,56.5
202202,56.8
202203,56.7
202204,56.6
202205,56.7
202206,56.4
202207,56.7
202208,56.9
202209,56.8
202210,56.4
202211,56.8
202212,56.3
202301,57.4
202302,57.7
202303,57.7
202304,58.1
202305,58
202306,57.9
202307,57.8
202308,57.5
202309,57.5
202310,57.8
202311,57.4
202312,57.9
202401,57.4
202402,57.3
202403,57.6
202404,57.4
202405,57.6
202406,58
202407,58.1
202408,58.1
202409,58
202410,58.1
202411,58.5
202412,57.9
202501,57.5
202502,57
202503,56.9
202504,56.9
202505,56.7
202506,56.5
202507,56.5
202508,56.4
202509,56.6
202510,56.4
202511,56
202512,55.6
